num_atoms,mp,energy_error_abs,energy_error_pct,forces_error_max,forces_error_mae,forces_error_mape,forces_error_mse,forces_error_rms
192,3,0.0,0.0,1.5638377666473389,0.1838967353105545,1317269.625,0.09136324375867844,0.3022635281085968
192,4,0.0,0.0,1.5638377666473389,0.1838967502117157,1317269.375,0.09136324375867844,0.3022635281085968
192,5,0.0,0.0,1.5638372898101807,0.1838967502117157,1317268.0,0.09136324375867844,0.3022635281085968
192,6,0.0,0.0,1.5638375282287598,0.1838967502117157,1317269.5,0.09136324375867844,0.3022635281085968
