num_atoms,avg_partition_size,partition_energy,benchmark_energy,energy_error_abs,energy_error_pct,avg_partition_time,benchmark_time
426,426.0,-1973.6632080078125,-2207.775146484375,234.1119384765625,10.603975504636765,0.14523268938064576,0.3469967842102051
